CarrierCode,StdDevDepartureDelay,TotalFlights
BA,2571.9047518130087,1059
AA,2576.9440684999854,957
LH,2578.65854262484,986
EK,2611.494188644942,1021
QF,2612.1307649948612,984
SQ,2614.446903543967,997
DL,2638.6368626682297,986
SW,2639.1388211620865,1018
AF,2644.1313639390273,1024
UA,2665.4285608731907,968
