CarrierName,stddev_delay
United Airlines,44.423809347886525
American Airlines,42.94906780833314
Southwest Airlines,43.985647019368116
Qantas,43.535512749914375
Delta Airlines,43.97728104447053
Lufthansa,42.97764237708067
Emirates,43.52490314408233
British Airways,42.86507919688348
Singapore Airlines,43.57411505906612
Air France,44.06885606565044
